"content","url","idx","write_date","consult_idx"
"눈 하트뿅그림","http://13.124.195.67:3000/images/diary1","1","2019-05-05","1"
"타노스","http://13.124.195.67:3000/images/diary2","2","2019-05-05","2"
"우는 그림","http://13.124.195.67:3000/images/diary3","3","2019-05-05","3"
"나비 그림","http://13.124.195.67:3000/images/diary4","4","2019-05-05","4"
"개미","http://13.124.195.67:3000/images/diary5","5","2019-05-05","5"
"바다","http://13.124.195.67:3000/images/diary6","6","2019-05-05","6"
"개","http://13.124.195.67:3000/images/diary7","7","2019-05-05","7"
"설명","http://13.124.195.67:3000/images/b92368090e05597707a6f00d1e733875","8","2019-05-05T19:31:57.925Z",""
"설명","http://13.124.195.67:3000/images/75e8cffa5308170ff8544a26a4e6a765","9","2019-05-05T19:32:55.623Z",""
"설명","http://13.124.195.67:3000/images/81e94e9956ec53f54a412513740e06db","10","2019-05-05T19:34:03.517Z",""
"설명","http://13.124.195.67:3000/images/b3c8d517eff87f1c0b90d2ba8b73f311",11,"2019-05-05T19:42:33.677Z",